"0","Dems2020Debate01IOT <- Dems2020Debate01IOT %>% "
"0","  dplyr::mutate(prior_vperc = case_when("
"0","    stringr::str_detect(keyword, ""O’Rourke"") ~ ""> 1.0% of voters"","
"0","    stringr::str_detect(keyword, ""Warren"") ~ ""> 1.0% of voters"","
"0","    stringr::str_detect(keyword, ""Booker"") ~ ""> 1.0% of voters"","
"0","    "
"0","    stringr::str_detect(keyword, ""Klobuchar"") ~ ""0.5 - 0.9% of voters"","
"0","    stringr::str_detect(keyword, ""Castro"") ~ ""0.5 - 0.9% of voters"","
"0",""
"0",""
"0","    stringr::str_detect(keyword, ""Gabbard"") ~ ""0.2 - 0.4% of voters"","
"0","    stringr::str_detect(keyword, ""Ryan"") ~ ""0.2 - 0.4% of voters"","
"0","    stringr::str_detect(keyword, ""Inslee"") ~ ""0.2 - 0.4% of voters"","
"0","    stringr::str_detect(keyword, ""de Blasio"") ~ ""0.2 - 0.4% of voters"","
"0",""
"0","    stringr::str_detect(keyword, ""Delaney"") ~ ""0.2% of voters""))"
"0","Dems2020Debate01IOT %>% "
"0","  count(prior_vperc, keyword) %>%"
"0","  tidyr::spread(prior_vperc, n)"
