{"chunk_definitions":[{"chunk_id":"csetup_chunk","chunk_label":"setup","document_id":"B1C8AFBC","expansion_state":0,"options":{"engine":"r","include":false,"label":"setup"},"row":28,"row_count":1,"visible":true},{"chunk_id":"c22rgi220976h","chunk_label":"00-packages.R","document_id":"B1C8AFBC","expansion_state":0,"options":{"engine":"r","eval":true,"label":"00-packages.R"},"row":60,"row_count":1,"visible":true},{"chunk_id":"cpyduneae999v","chunk_label":"dem_cand_2020","document_id":"B1C8AFBC","expansion_state":0,"options":{"engine":"r","label":"dem_cand_2020"},"row":78,"row_count":1,"visible":true},{"chunk_id":"c5v8z717row27","chunk_label":"01-import.R","document_id":"B1C8AFBC","expansion_state":0,"options":{"engine":"r","eval":true,"label":"01-import.R"},"row":116,"row_count":1,"visible":true},{"chunk_id":"cf5bdi110860y","chunk_label":"explore-Dems2020Group1","document_id":"B1C8AFBC","expansion_state":0,"options":{"engine":"r","eval":true,"label":"explore-Dems2020Group1"},"row":126,"row_count":1,"visible":true},{"chunk_id":"c4st0x9t2hjqy","chunk_label":"Dems2020Group1","document_id":"B1C8AFBC","expansion_state":0,"options":{"engine":"r","eval":true,"label":"Dems2020Group1","message":false,"warning":false},"row":157,"row_count":1,"visible":true},{"chunk_id":"cw1mym0zo7cex","chunk_label":"numeric-hits","document_id":"B1C8AFBC","expansion_state":0,"options":{"engine":"r","eval":true,"label":"numeric-hits","message":false,"warning":false},"row":169,"row_count":1,"visible":true},{"chunk_id":"ci2n667qn5p5t","chunk_label":"Dems2020Debate01IOT","document_id":"B1C8AFBC","expansion_state":0,"options":{"engine":"r","eval":true,"label":"Dems2020Debate01IOT"},"row":178,"row_count":1,"visible":true},{"chunk_id":"clooc8mfbtf2l","chunk_label":"min-max","document_id":"B1C8AFBC","expansion_state":0,"options":{"engine":"r","eval":true,"label":"min-max"},"row":187,"row_count":1,"visible":true},{"chunk_id":"cjcb3t143vm2w","chunk_label":"assign-gender","document_id":"B1C8AFBC","expansion_state":0,"options":{"engine":"r","eval":true,"label":"assign-gender"},"row":212,"row_count":1,"visible":true},{"chunk_id":"c0ken652olph3","chunk_label":"Dems2020Debate01IOT-prior_vperc","document_id":"B1C8AFBC","expansion_state":0,"options":{"engine":"r","eval":true,"label":"Dems2020Debate01IOT-prior_vperc"},"row":245,"row_count":1,"visible":true},{"chunk_id":"c2oxoc0bf83rt","chunk_label":"prior_vperc_fct","document_id":"B1C8AFBC","expansion_state":0,"options":{"engine":"r","eval":true,"label":"prior_vperc_fct"},"row":262,"row_count":1,"visible":true},{"chunk_id":"c2z9dmqb8pg2r","chunk_label":"unnamed-chunk-1","document_id":"B1C8AFBC","expansion_state":0,"options":{"engine":"r","label":"unnamed-chunk-1"},"row":270,"row_count":1,"visible":true}],"doc_write_time":1561738129}