{"chunk_definitions":[{"chunk_id":"csetup_chunk","chunk_label":"setup","document_id":"8B81D5EB","expansion_state":0,"options":{"engine":"r","include":false,"label":"setup"},"row":24,"row_count":1,"visible":true},{"chunk_id":"cmp3yevang3bd","chunk_label":"00-packages.R","document_id":"6F605349","expansion_state":0,"options":{"engine":"r","eval":true,"label":"00-packages.R"},"row":57,"row_count":1,"visible":true},{"chunk_id":"cov9ssdiv4swd","chunk_label":"dem_cand_2020","document_id":"8B81D5EB","expansion_state":0,"options":{"engine":"r","label":"dem_cand_2020"},"row":75,"row_count":1,"visible":true},{"chunk_id":"cjgmvua52oz5g","chunk_label":"import-legacy-data","document_id":"6F605349","expansion_state":0,"options":{"engine":"r","eval":true,"include":false,"label":"import-legacy"},"row":110,"row_count":1,"visible":true},{"chunk_id":"cvlyaxilb0fhi","chunk_label":"explore-Dems2020Group1","document_id":"6F605349","expansion_state":0,"options":{"engine":"r","label":"explore-Dems2020Group1"},"row":119,"row_count":1,"visible":true},{"chunk_id":"c5ow8j9kdx2vz","chunk_label":"Dems2020Group1","document_id":"8B81D5EB","expansion_state":0,"options":{"engine":"r","label":"Dems2020Group1","message":false,"warning":false},"row":150,"row_count":1,"visible":true},{"chunk_id":"c1jy8fm61hr4n","chunk_label":"numeric-hits","document_id":"8B81D5EB","expansion_state":0,"options":{"engine":"r","label":"numeric-hits","message":false,"warning":false},"row":162,"row_count":1,"visible":true},{"chunk_id":"cazxinlgrqj4y","chunk_label":"Dems2020Debate01IOT","document_id":"8B81D5EB","expansion_state":0,"options":{"engine":"r","label":"Dems2020Debate01IOT"},"row":171,"row_count":1,"visible":true},{"chunk_id":"ciiei08afuun7","chunk_label":"min-max","document_id":"8B81D5EB","expansion_state":0,"options":{"engine":"r","label":"min-max"},"row":180,"row_count":1,"visible":true},{"chunk_id":"c1b210rdss96g","chunk_label":"assign-gender","document_id":"8B81D5EB","expansion_state":0,"options":{"engine":"r","label":"assign-gender"},"row":205,"row_count":1,"visible":true},{"chunk_id":"cy525qaub8lxx","chunk_label":"Dems2020Debate01IOT-prior_vperc","document_id":"8B81D5EB","expansion_state":0,"options":{"engine":"r","label":"Dems2020Debate01IOT-prior_vperc"},"row":236,"row_count":1,"visible":true},{"chunk_id":"cjbcxso7lnh3s","chunk_label":"prior_vperc_fct","document_id":"8B81D5EB","expansion_state":0,"options":{"engine":"r","label":"prior_vperc_fct"},"row":246,"row_count":1,"visible":true},{"chunk_id":"cnoaz8by3787c","chunk_label":"relevel","document_id":"8B81D5EB","expansion_state":0,"options":{"engine":"r","label":"relevel"},"row":258,"row_count":1,"visible":true},{"chunk_id":"cp7oqsq93sz9x","chunk_label":"visdat-inspectdf","document_id":"8B81D5EB","expansion_state":0,"options":{"engine":"r","label":"visdat-inspectdf"},"row":271,"row_count":1,"visible":true},{"chunk_id":"cm6xwquuqn0pe","chunk_label":"top-3-candidates","document_id":"8B81D5EB","expansion_state":0,"options":{"engine":"r","label":"top-3-candidates"},"row":294,"row_count":1,"visible":true},{"chunk_id":"c63z76gk3nowi","chunk_label":"unnamed-chunk-1","document_id":"6F605349","expansion_state":0,"options":{"engine":"r","label":"unnamed-chunk-6"},"row":315,"row_count":1,"visible":true},{"chunk_id":"cgl4898rbpofn","chunk_label":"Dems2020Debate01IOT-date-hits-men","document_id":"8B81D5EB","expansion_state":0,"options":{"engine":"r","label":"Dems2020Debate01IOT-date-hits-men","message":false,"warning":false},"row":336,"row_count":1,"visible":true},{"chunk_id":"c85t1wzgto3nk","chunk_label":"unnamed-chunk-2","document_id":"6F605349","expansion_state":0,"options":{"engine":"r","label":"unnamed-chunk-3"},"row":361,"row_count":1,"visible":true},{"chunk_id":"c1q0qz3mo0t2a","chunk_label":"Dems2020Debate01IOT-date-hits-women","document_id":"8B81D5EB","expansion_state":0,"options":{"engine":"r","label":"Dems2020Debate01IOT-date-hits-women"},"row":387,"row_count":1,"visible":true},{"chunk_id":"cixp72ilqomeg","chunk_label":"Dems2020Debate01IOT-date-hits-men","document_id":"6F605349","expansion_state":0,"options":{"engine":"r","label":"Dems2020Debate01IOT-date-hits-men"},"row":408,"row_count":1,"visible":true},{"chunk_id":"ck8xhszmw2n5r","chunk_label":"WomanDems2020InterestByRegion","document_id":"6F605349","expansion_state":0,"options":{"engine":"r","label":"WomanDems2020InterestByRegion"},"row":424,"row_count":1,"visible":true}],"chunk_rendered_width":688,"default_chunk_options":{"echo":true,"fig.path":"figs/","size":"small","tidy":false},"doc_write_time":1561725532,"working_dir":null}