{"chunk_definitions":[{"chunk_id":"csetup_chunk","chunk_label":"setup","document_id":"30D1C854","expansion_state":0,"options":{"engine":"r","include":false,"label":"setup"},"row":28,"row_count":1,"visible":true},{"chunk_id":"cycdepyw2igvi","chunk_label":"00-packages.R","document_id":"30D1C854","expansion_state":0,"options":{"engine":"r","eval":true,"label":"00-packages.R"},"row":47,"row_count":1,"visible":true},{"chunk_id":"c2608wiq8fdb7","chunk_label":"import-data","document_id":"30D1C854","expansion_state":0,"options":{"engine":"r","label":"import-data"},"row":65,"row_count":1,"visible":true},{"chunk_id":"cprxammnc4wlt","chunk_label":"Dems2020Group1","document_id":"30D1C854","expansion_state":0,"options":{"engine":"r","label":"Dems2020Group1","message":false,"warning":false},"row":94,"row_count":1,"visible":true},{"chunk_id":"cu4punlvvmj7f","chunk_label":"numeric-hits","document_id":"30D1C854","expansion_state":0,"options":{"engine":"r","label":"numeric-hits","message":false,"warning":false},"row":106,"row_count":1,"visible":true},{"chunk_id":"cm0b2dgi08mcz","chunk_label":"Dems2020Debate01IOT","document_id":"30D1C854","expansion_state":0,"options":{"engine":"r","label":"Dems2020Debate01IOT"},"row":115,"row_count":1,"visible":true},{"chunk_id":"cmbs6wt0mzo3b","chunk_label":"min-max","document_id":"30D1C854","expansion_state":0,"options":{"engine":"r","label":"min-max"},"row":124,"row_count":1,"visible":true},{"chunk_id":"cr5zuyrekxnvc","chunk_label":"assign-gender","document_id":"30D1C854","expansion_state":0,"options":{"engine":"r","label":"assign-gender"},"row":149,"row_count":1,"visible":true},{"chunk_id":"cmlgb3bei3slu","chunk_label":"Dems2020Debate01IOT-prior_vperc","document_id":"30D1C854","expansion_state":0,"options":{"engine":"r","label":"Dems2020Debate01IOT-prior_vperc"},"row":180,"row_count":1,"visible":true},{"chunk_id":"cnpszxp7ou1aq","chunk_label":"prior_vperc_fct","document_id":"30D1C854","expansion_state":0,"options":{"engine":"r","label":"prior_vperc_fct"},"row":190,"row_count":1,"visible":true},{"chunk_id":"cxcjgea2x6yji","chunk_label":"relevel","document_id":"30D1C854","expansion_state":0,"options":{"engine":"r","label":"relevel"},"row":202,"row_count":1,"visible":true},{"chunk_id":"csrh67qigf9rx","chunk_label":"export","document_id":"30D1C854","expansion_state":0,"options":{"engine":"r","label":"export"},"row":209,"row_count":1,"visible":true},{"chunk_id":"cwxvi4awrgpwy","chunk_label":"WomanDems2020InterestByRegion","document_id":"30D1C854","expansion_state":0,"options":{"engine":"r","label":"WomanDems2020InterestByRegion"},"row":224,"row_count":1,"visible":true},{"chunk_id":"cf9pb26frzk93","chunk_label":"region","document_id":"30D1C854","expansion_state":0,"options":{"engine":"r","label":"region"},"row":241,"row_count":1,"visible":true},{"chunk_id":"ctodn2gx81i0g","chunk_label":"Dems2020InterestByRegion","document_id":"30D1C854","expansion_state":0,"options":{"engine":"r","label":"Dems2020InterestByRegion"},"row":257,"row_count":1,"visible":true},{"chunk_id":"ciuvmqsavu2ai","chunk_label":"export-Dems2020InterestByRegion","document_id":"30D1C854","expansion_state":0,"options":{"engine":"r","label":"export-Dems2020InterestByRegion"},"row":271,"row_count":1,"visible":true}],"default_chunk_options":{"comment":"#> ","echo":true,"eval":true,"fig.path":"figs/","message":false,"size":"small","tidy":false,"warning":true},"doc_write_time":1561737468,"working_dir":null}