"0","Dems2020InterestByRegion %>% "
"0","  dplyr::filter(keyword %in% ""Tulsi Gabbard 2020"") %>% "
"0","  ggplot(aes(x = long, "
"0","             y = lat)) +"
"0","  geom_polygon(aes(group = group,"
"0","                   # get the log(hits)"
"0","                   fill = log(hits)), "
"0","                   color = ""white"") + "
"0","  ggthemes::theme_map() + "
"0","  ggplot2::labs("
"0","    title = ""Google searches for Tulsi Gabbard in 2020 on June 26, 2019"","
"0","    subtitle = ""lighter colors = more searches for 'Tulsi Gabbard 2020'"","
"0","    caption = ""using RStudio and gtrendsR"") "
