"0","# convert to a factor "
"0","Dems2020Debate01IOT <- Dems2020Debate01IOT %>% "
"0","  dplyr::mutate(prior_vperc_fct = factor(x = prior_vperc))"
"0","# relevel the factor variable "
"0","Dems2020Debate01IOT <- Dems2020Debate01IOT %>% "
"0","  dplyr::mutate(prior_vperc_fct = forcats::fct_relevel(.f = prior_vperc_fct,"
"0","                    ""> 1.0% of voters"","
"0","                    ""0.5 - 0.9% of voters"","
"0","                    ""0.2 - 0.4% of voters"","
"0","                    ""0.2% of voters""))"
"0","# check levels of new factor"
"0","Dems2020Debate01IOT$prior_vperc_fct %>% levels()"
"1","[1]"
"1"," ""> 1.0% of voters""    "
"1"," ""0.5 - 0.9% of voters"""
"1"," ""0.2 - 0.4% of voters"""
"1"," ""0.2% of voters""      "
"1","
"
