{"chunk_definitions":[{"chunk_id":"csetup_chunk","chunk_label":"setup","document_id":"B1C8AFBC","expansion_state":0,"options":{"engine":"r","include":false,"label":"setup"},"row":28,"row_count":1,"visible":true},{"chunk_id":"c22rgi220976h","chunk_label":"00-packages.R","document_id":"B1C8AFBC","expansion_state":0,"options":{"engine":"r","eval":true,"label":"00-packages.R"},"row":60,"row_count":1,"visible":true},{"chunk_id":"c26bq0i9sfwhm","chunk_label":"01-import.R","document_id":"B1C8AFBC","expansion_state":0,"options":{"engine":"r","eval":true,"label":"01-import.R"},"row":104,"row_count":1,"visible":true},{"chunk_id":"cntks4gcnxjv9","chunk_label":"explore-Dems2020Group1","document_id":"B1C8AFBC","expansion_state":0,"options":{"engine":"r","eval":true,"label":"explore-Dems2020Group1"},"row":114,"row_count":1,"visible":true},{"chunk_id":"c6zvbq2vk7mbm","chunk_label":"Dems2020Group1","document_id":"B1C8AFBC","expansion_state":0,"options":{"engine":"r","eval":true,"label":"Dems2020Group1","message":false,"warning":false},"row":145,"row_count":1,"visible":true},{"chunk_id":"crz3o05owxuaq","chunk_label":"numeric-hits","document_id":"B1C8AFBC","expansion_state":0,"options":{"engine":"r","eval":true,"label":"numeric-hits","message":false,"warning":false},"row":157,"row_count":1,"visible":true},{"chunk_id":"cvhdqxbz2dkvi","chunk_label":"Dems2020Debate01IOT","document_id":"B1C8AFBC","expansion_state":0,"options":{"engine":"r","eval":true,"label":"Dems2020Debate01IOT"},"row":166,"row_count":1,"visible":true},{"chunk_id":"cj12o55vancml","chunk_label":"min-max","document_id":"B1C8AFBC","expansion_state":0,"options":{"engine":"r","eval":true,"label":"min-max"},"row":175,"row_count":1,"visible":true},{"chunk_id":"cfnbvwf576ndv","chunk_label":"assign-gender","document_id":"B1C8AFBC","expansion_state":0,"options":{"engine":"r","eval":true,"label":"assign-gender"},"row":200,"row_count":1,"visible":true},{"chunk_id":"csun9j200rni7","chunk_label":"Dems2020Debate01IOT-prior_vperc","document_id":"B1C8AFBC","expansion_state":0,"options":{"engine":"r","label":"Dems2020Debate01IOT-prior_vperc"},"row":233,"row_count":1,"visible":true},{"chunk_id":"cuo31u2yuge45","chunk_label":"prior_vperc_fct","document_id":"B1C8AFBC","expansion_state":0,"options":{"engine":"r","eval":true,"label":"prior_vperc_fct"},"row":250,"row_count":1,"visible":true},{"chunk_id":"cfac9q9980321","chunk_label":"unnamed-chunk-1","document_id":"B1C8AFBC","expansion_state":0,"options":{"engine":"r","label":"unnamed-chunk-3"},"row":258,"row_count":1,"visible":true}],"chunk_rendered_width":500,"default_chunk_options":{"comment":"#> ","echo":true,"eval":false,"fig.path":"figs/","message":false,"size":"small","tidy":false,"warning":true},"doc_write_time":1561725413,"working_dir":null}