"0","Dems2020Debate01IOT %>% "
"0","  dplyr::filter(prior_vperc_fct == ""> 1.0% of voters"") %>% "
"0","  ggplot(aes(x = date, "
"0","             y = hits, "
"0","             color = keyword)) +"
"0","  geom_line(aes(group = keyword), show.legend = FALSE) + "
"0","  ggplot2::labs("
"0","    x = ""Date"","
"0","    y = ""Google search hits"","
"0","    caption = paste0(""Google search hits between "", "
"0","                   min(Dems2020Debate01IOT$date),"
"0","                   "" and "","
"0","                   max(Dems2020Debate01IOT$date)),"
"0","    subtitle = ""Google search hits for Candidates with > 1.0% of voters"") + "
"0","  ggthemes::theme_fivethirtyeight(base_size = 7.5) +"
"0","  facet_wrap(~ keyword, ncol = 2)"
