"0","# import the 2019-06-27 data -------"
"0","# import the 2019-06-27 data using the script below"
"0","Dems2020Group1 <- readr::read_rds(""data/raw/2019-06-28-Dems2020Group1.rds"")"
"0","Dems2020Group2 <- readr::read_rds(""data/raw/2019-06-28-Dems2020Group2.rds"")"
"0",""
"0","# import the 2019-06-28 data -------"
"0","# import the 2019-06-28 data using the script below"
"0","Dems2020Round2Group1 <- readr::read_rds(""data/raw/2019-06-28-Dems2020Round2Group1.rds"")"
"0","Dems2020Round2Group2 <- readr::read_rds(""data/raw/2019-06-28-Dems2020Round2Group2.rds"")"
"0",""
"0","# import poll data --------------------------------------------------------"
"0","# fs::dir_tree(""data"")"
"0","RCPollData <- readr::read_csv(""data/2019-06-28-RCPollData.csv"")"
