"0","# create image folder ----"
"0","if (!file.exists(""figs/"")) {"
"0","    dir.create(""figs/"")"
"0","}"
"0","# create data folder ----"
"0","if (!file.exists(""data/"")) {"
"0","    dir.create(""data/"")"
"0","}"
"0","knitr::opts_chunk$set("
"0","    echo = TRUE, # show all code"
"0","    tidy = FALSE, # cleaner code printing"
"0","    size = ""small"","
"0","    fig.path = ""figs/"") # smaller code"
"0","knitr::opts_knit$set("
"0","    width = 78)"
"0","base::options(tibble.print_max = 25,"
"0","              tibble.width = 78)"
