"0","Dems2020Debate01IOT <- Dems2020Debate01IOT %>% "
"0","  dplyr::mutate(gender = case_when("
"0","    stringr::str_detect(keyword, ""Elizabeth Warren"") ~ ""Women"", "
"0","    stringr::str_detect(keyword, ""Amy Klobuchar"") ~ ""Women"","
"0","    stringr::str_detect(keyword, ""Tulsi Gabbard"") ~ ""Women"","
"0","    TRUE ~ ""Men""))"
"0","# get distinct"
"0","Dems2020Debate01IOT <- Dems2020Debate01IOT %>% distinct()"
"0","# check new gender variable "
"0","Dems2020Debate01IOT %>% "
"0","  dplyr::count(keyword, gender) %>%"
"0","  tidyr::spread(gender, n)"
