{"chunk_definitions":[{"chunk_id":"csetup_chunk","chunk_label":"setup","document_id":"8B81D5EB","expansion_state":0,"options":{"engine":"r","include":false,"label":"setup"},"row":24,"row_count":1,"visible":true},{"chunk_id":"cmp3yevang3bd","chunk_label":"00-packages.R","document_id":"6F605349","expansion_state":0,"options":{"engine":"r","eval":true,"label":"00-packages.R","message":false,"warning":false},"row":57,"row_count":1,"visible":true},{"chunk_id":"cov9ssdiv4swd","chunk_label":"dem_cand_2020","document_id":"8B81D5EB","expansion_state":0,"options":{"engine":"r","label":"dem_cand_2020"},"row":75,"row_count":1,"visible":true},{"chunk_id":"cjgmvua52oz5g","chunk_label":"import-legacy-data","document_id":"6F605349","expansion_state":0,"options":{"engine":"r","eval":true,"label":"import-legacy-data"},"row":92,"row_count":1,"visible":true},{"chunk_id":"c3war5wgnf9xg","chunk_label":"wrangle","document_id":"6F605349","expansion_state":0,"options":{"engine":"r","eval":true,"label":"wrangle","message":false,"warning":false},"row":100,"row_count":1,"visible":true},{"chunk_id":"cp7oqsq93sz9x","chunk_label":"visdat-inspectdf","document_id":"8B81D5EB","expansion_state":0,"options":{"engine":"r","label":"visdat-inspectdf"},"row":113,"row_count":1,"visible":true},{"chunk_id":"cblnb0tbbnnqq","chunk_label":"top-3-candidates","document_id":"6F605349","expansion_state":0,"options":{"engine":"r","label":"top-3-candidates"},"row":136,"row_count":1,"visible":true},{"chunk_id":"c63z76gk3nowi","chunk_label":"middle-candidates","document_id":"6F605349","expansion_state":0,"options":{"engine":"r","label":"unnamed-chunk-4"},"row":157,"row_count":1,"visible":true},{"chunk_id":"cgl4898rbpofn","chunk_label":"low-candidates","document_id":"8B81D5EB","expansion_state":0,"options":{"engine":"r","label":"Dems2020Debate01IOT-date-hits-men","message":false,"warning":false},"row":178,"row_count":1,"visible":true},{"chunk_id":"c85t1wzgto3nk","chunk_label":"bottom-candidate","document_id":"6F605349","expansion_state":0,"options":{"engine":"r","label":"unnamed-chunk-3"},"row":203,"row_count":1,"visible":true},{"chunk_id":"c1q0qz3mo0t2a","chunk_label":"Dems2020Debate01IOT-date-hits-women","document_id":"8B81D5EB","expansion_state":0,"options":{"engine":"r","label":"Dems2020Debate01IOT-date-hits-women"},"row":229,"row_count":1,"visible":true},{"chunk_id":"cixp72ilqomeg","chunk_label":"Dems2020Debate01IOT-date-hits-men","document_id":"6F605349","expansion_state":0,"options":{"engine":"r","label":"Dems2020Debate01IOT-date-hits-men"},"row":250,"row_count":1,"visible":true},{"chunk_id":"ckvuaie8tlkm5","chunk_label":"Dems2020InterestByRegion","document_id":"6F605349","expansion_state":0,"options":{"engine":"r","label":"Dems2020InterestByRegion"},"row":271,"row_count":1,"visible":true},{"chunk_id":"c2dapud56dvtl","chunk_label":"visualize-Gabbard-locations","document_id":"6F605349","expansion_state":0,"options":{"engine":"r","label":"visualize-Klobuchar-locations"},"row":296,"row_count":1,"visible":true},{"chunk_id":"ctu48u5r5l5dv","chunk_label":"visualize-Booker-locations","document_id":"6F605349","expansion_state":0,"options":{"engine":"r","label":"visualize-Booker-locations"},"row":316,"row_count":1,"visible":true}],"chunk_rendered_width":526,"default_chunk_options":{"echo":true,"fig.path":"figs/","size":"small","tidy":false},"doc_write_time":1561738010,"working_dir":null}